{
  "name": "DVIPSNAMES",
  "docstring": "dvips Colors\n\nThis module contains the colors defined in the dvips driver, which are commonly accessed\nas named colors in LaTeX via the ``\\usepackage[dvipsnames]{xcolor}`` package.\n\nTo use the colors from this list, access them directly from the module (which\nis exposed to Manim's global name space):\n\n.. code:: pycon\n\n    >>> from manim import DVIPSNAMES\n    >>> DVIPSNAMES.DARKORCHID\n    ManimColor('#A4538A')\n\nList of Color Constants\n-----------------------\n\nThese hex values are derived from those specified in the ``xcolor`` package\ndocumentation (see https://ctan.org/pkg/xcolor):\n\n.. automanimcolormodule:: manim.utils.color.DVIPSNAMES\n\n",
  "imports": [
    "__future__.annotations",
    "core.ManimColor"
  ],
  "classes": [],
  "functions": []
}